,alpha,beta,gamma,tau,scf_cc,nn_scf_cc
0,4,0.2,8,0.2,0.184353334,0.16657682
1,4,0.3,8,0.2,0.542917074,0.5493071
2,4,0.4,8,0.2,0.602492871,0.61436737
3,4,0.5,8,0.2,0.646414673,0.66279036
4,4,0.6,8,0.2,0.677590209,0.70910805
5,4,0.7,8,0.2,0.693692155,0.75032663
6,22,0.2,8,0.2,0.185574933,0.18670367
7,22,0.3,8,0.2,0.549301725,0.5581993
8,22,0.4,8,0.2,0.615405617,0.63158953
9,22,0.5,8,0.2,0.659444409,0.6635078
10,22,0.6,8,0.2,0.689359374,0.69542605
11,22,0.7,8,0.2,0.705340802,0.71217215
12,40,0.2,8,0.2,0.185573167,0.18965484
13,40,0.3,8,0.2,0.549338925,0.56709146
14,40,0.4,8,0.2,0.615410789,0.6323069
15,40,0.5,8,0.2,0.659447423,0.6642253
16,40,0.6,8,0.2,0.689365558,0.69614345
17,40,0.7,8,0.2,0.705340762,0.7053472
18,4,0.2,14,0.2,0.716410847,0.7110745
19,4,0.3,14,0.2,0.797058711,0.76881546
20,4,0.4,14,0.2,0.847392543,0.8429796
21,4,0.5,14,0.2,0.849292576,0.858984
22,4,0.6,14,0.2,0.905977167,0.8888779
23,4,0.7,14,0.2,0.919305299,0.9445102
24,22,0.2,14,0.2,0.71886641,0.71586335
25,22,0.3,14,0.2,0.805846416,0.7929629
26,22,0.4,14,0.2,0.855061037,0.8364586
27,22,0.5,14,0.2,0.8441851,0.85246307
28,22,0.6,14,0.2,0.888342659,0.8684675
29,22,0.7,14,0.2,0.890613186,0.8844719
30,40,0.2,14,0.2,0.71887558,0.72159207
31,40,0.3,14,0.2,0.805877749,0.8171104
32,40,0.4,14,0.2,0.855054592,0.83191407
33,40,0.5,14,0.2,0.844189012,0.8459421
34,40,0.6,14,0.2,0.888353698,0.86194646
35,40,0.7,14,0.2,0.890605096,0.87795097
36,4,0.2,20,0.2,0.519626097,0.8994487
37,4,0.3,20,0.2,1.013191519,1.0464977
38,4,0.4,20,0.2,1.030693774,1.054261
39,4,0.5,20,0.2,1.054290024,1.0547773
40,4,0.6,20,0.2,1.057208783,1.0769713
41,4,0.7,20,0.2,1.067610398,1.1173993
42,22,0.2,20,0.2,0.524143502,0.92348564
43,22,0.3,20,0.2,1.01987765,1.05456
44,22,0.4,20,0.2,1.023452153,1.0457321
45,22,0.5,20,0.2,1.013279025,1.0369045
46,22,0.6,20,0.2,0.997722235,1.0280766
47,22,0.7,20,0.2,1.003120193,1.0192488
48,40,0.2,20,0.2,0.923294945,0.9543943
49,40,0.3,20,0.2,1.019874011,1.0493379
50,40,0.4,20,0.2,1.023417036,1.04051
51,40,0.5,20,0.2,1.013212153,1.0316823
52,40,0.6,20,0.2,0.9976075,1.0228546
53,40,0.7,20,0.2,1.002962489,1.0156934
54,4,0.2,26,0.2,1.119111997,1.1081041
55,4,0.3,26,0.2,1.175929254,1.1876694
56,4,0.4,26,0.2,1.182943992,1.1930157
57,4,0.5,26,0.2,1.218404864,1.2152098
58,4,0.6,26,0.2,1.238402792,1.2410403
59,4,0.7,26,0.2,1.227841385,1.2834237
60,22,0.2,26,0.2,1.122776341,1.1339328
61,22,0.3,26,0.2,1.177868624,1.1772578
62,22,0.4,26,0.2,1.156155295,1.1680422
63,22,0.5,26,0.2,1.144005302,1.1588265
64,22,0.6,26,0.2,1.132765335,1.1496108
65,22,0.7,26,0.2,1.126861309,1.1403952
66,40,0.2,26,0.2,1.122730363,1.1597615
67,40,0.3,26,0.2,1.177783497,1.1668463
68,40,0.4,26,0.2,1.155996555,1.157792
69,40,0.5,26,0.2,1.143670447,1.1489643
70,40,0.6,26,0.2,1.132176971,1.1401365
71,40,0.7,26,0.2,1.12590019,1.1313087
72,4,0.2,32,0.2,1.303477053,1.3269554
73,4,0.3,32,0.2,1.301307542,1.3312541
74,4,0.4,32,0.2,1.319182498,1.3534483
75,4,0.5,32,0.2,1.36963039,1.3756422
76,4,0.6,32,0.2,1.383762459,1.4070648
77,4,0.7,32,0.2,1.365364478,1.4494478
78,22,0.2,32,0.2,1.306046731,1.3221347
79,22,0.3,32,0.2,1.297057194,1.3014506
80,22,0.4,32,0.2,1.26597866,1.2922349
81,22,0.5,32,0.2,1.260395186,1.2830193
82,22,0.6,32,0.2,1.250606392,1.2738036
83,22,0.7,32,0.2,1.237885452,1.2645879
84,40,0.2,32,0.2,1.306176672,1.3144006
85,40,0.3,32,0.2,1.296926829,1.291039
86,40,0.4,32,0.2,1.265558977,1.2818234
87,40,0.5,32,0.2,1.259533044,1.2726077
88,40,0.6,32,0.2,1.249100843,1.2633921
89,40,0.7,32,0.2,1.235123929,1.2541764
90,4,0.2,8,0.4,0.35271067,0.3721335
91,4,0.3,8,0.4,0.755218512,0.7727665
92,4,0.4,8,0.4,0.90431084,0.9081359
93,4,0.5,8,0.4,1.016510806,1.0260781
94,4,0.6,8,0.4,1.058300202,1.0639292
95,4,0.7,8,0.4,1.151778816,1.1495254
96,22,0.2,8,0.4,0.353878915,0.37067267
97,22,0.3,8,0.4,0.761914191,0.76530266
98,22,0.4,8,0.4,0.921307451,0.913085
99,22,0.5,8,0.4,1.041045213,1.0322372
100,22,0.6,8,0.4,1.082841698,1.0744756
101,22,0.7,8,0.4,1.164397217,1.1592263
102,40,0.2,8,0.4,0.353708274,0.36921185
103,40,0.3,8,0.4,0.761976691,0.7581035
104,40,0.4,8,0.4,0.92132867,0.91585106
105,40,0.5,8,0.4,1.041048444,1.0383962
106,40,0.6,8,0.4,1.082861016,1.0850222
107,40,0.7,8,0.4,1.164390518,1.1697729
108,4,0.2,14,0.4,1.053811813,1.056847
109,4,0.3,14,0.4,1.373375444,1.3965352
110,4,0.4,14,0.4,1.468232715,1.4903994
111,4,0.5,14,0.4,1.463759713,1.476
112,4,0.6,14,0.4,1.469875239,1.4686664
113,4,0.7,14,0.4,1.48789666,1.4851235
114,22,0.2,14,0.4,1.056796341,1.0742886
115,22,0.3,14,0.4,1.384377159,1.3942165
116,22,0.4,14,0.4,1.485919929,1.4900657
117,22,0.5,14,0.4,1.474610283,1.4763281
118,22,0.6,14,0.4,1.457474922,1.4625907
119,22,0.7,14,0.4,1.437004401,1.4488531
120,40,0.2,14,0.4,1.056784473,1.0827267
121,40,0.3,14,0.4,1.384383252,1.3994452
122,40,0.4,14,0.4,1.485971577,1.4966177
123,40,0.5,14,0.4,1.474623388,1.4828802
124,40,0.6,14,0.4,1.457466525,1.4691427
125,40,0.7,14,0.4,1.436994106,1.4554052
126,4,0.2,20,0.4,1.596957595,1.5967661
127,4,0.3,20,0.4,1.811011323,1.8417351
128,4,0.4,20,0.4,1.812158612,1.8107022
129,4,0.5,20,0.4,1.791714111,1.8018848
130,4,0.6,20,0.4,1.82379893,1.8288909
131,4,0.7,20,0.4,1.843957161,1.8558971
132,22,0.2,20,0.4,1.600312896,1.5882963
133,22,0.3,20,0.4,1.821158193,1.8452901
134,22,0.4,20,0.4,1.818996591,1.8142573
135,22,0.5,20,0.4,1.770512975,1.7832241
136,22,0.6,20,0.4,1.755031795,1.7521914
137,22,0.7,20,0.4,1.719661969,1.7211583
138,40,0.2,20,0.4,1.600329817,1.5876554
139,40,0.3,20,0.4,1.821104967,1.848845
140,40,0.4,20,0.4,1.81898003,1.8178122
141,40,0.5,20,0.4,1.770359709,1.786779
142,40,0.6,20,0.4,1.754775965,1.7563632
143,40,0.7,20,0.4,1.719222908,1.7264751
144,4,0.2,26,0.4,2.022275355,2.053391
145,4,0.3,26,0.4,2.115985928,2.096209
146,4,0.4,26,0.4,2.083991433,2.0753245
147,4,0.5,26,0.4,2.07418598,2.1061897
148,4,0.6,26,0.4,2.107317828,2.1370547
149,4,0.7,26,0.4,2.142008275,2.1679196
150,22,0.2,26,0.4,2.025353028,2.0612974
151,22,0.3,26,0.4,2.121662654,2.1047213
152,22,0.4,26,0.4,2.074886158,2.0452394
153,22,0.5,26,0.4,2.016799697,2.0180657
154,22,0.6,26,0.4,1.97871287,1.990892
155,22,0.7,26,0.4,1.952531178,1.9637182
156,40,0.2,26,0.4,2.025380192,2.0692036
157,40,0.3,26,0.4,2.121567502,2.113233
158,40,0.4,26,0.4,2.074511835,2.046295
159,40,0.5,26,0.4,2.016017629,2.0191214
160,40,0.6,26,0.4,1.977296963,1.9919475
161,40,0.7,26,0.4,1.950253593,1.9647737
162,4,0.2,32,0.4,2.383158371,2.3841386
163,4,0.3,32,0.4,2.390445992,2.422483
164,4,0.4,32,0.4,2.321610139,2.385838
165,4,0.5,32,0.4,2.345098585,2.3894646
166,4,0.6,32,0.4,2.387633479,2.4203298
167,4,0.7,32,0.4,2.426289857,2.451195
168,22,0.2,32,0.4,2.385691385,2.390443
169,22,0.3,32,0.4,2.389557586,2.3909295
170,22,0.4,32,0.4,2.292403729,2.2962458
171,22,0.5,32,0.4,2.244709154,2.234377
172,22,0.6,32,0.4,2.263961014,2.2072031
173,22,0.7,32,0.4,2.17324615,2.1800292
174,40,0.2,32,0.4,2.385686016,2.3967476
175,40,0.3,32,0.4,2.389242898,2.3994415
176,40,0.4,32,0.4,2.291495137,2.3047576
177,40,0.5,32,0.4,2.245617775,2.2354326
178,40,0.6,32,0.4,2.205313071,2.2082586
179,40,0.7,32,0.4,2.16725843,2.1810846
180,4,0.2,8,0.6,2.070733447,0.7385339
181,4,0.3,8,0.6,0.617591764,0.6935247
182,4,0.4,8,0.6,1.09483655,1.1220772
183,4,0.5,8,0.6,1.326397062,1.3422298
184,4,0.6,8,0.6,1.423922051,1.4696792
185,4,0.7,8,0.6,1.462335678,1.5036657
186,22,0.2,8,0.6,0.287206004,0.48686144
187,22,0.3,8,0.6,0.622825948,0.6936229
188,22,0.4,8,0.6,1.112944113,1.1188333
189,22,0.5,8,0.6,1.3563634,1.3385296
190,22,0.6,8,0.6,1.45737315,1.4679642
191,22,0.7,8,0.6,1.48505453,1.4980413
192,40,0.2,8,0.6,0.28722161,0.353859
193,40,0.3,8,0.6,0.62283226,0.69864696
194,40,0.4,8,0.6,1.113494829,1.1274177
195,40,0.5,8,0.6,0.941055118,1.3422955
196,40,0.6,8,0.6,1.457379661,1.4730532
197,40,0.7,8,0.6,1.485071792,1.5031304
198,4,0.2,14,0.6,1.187817411,1.2056249
199,4,0.3,14,0.6,1.808268678,1.8104038
200,4,0.4,14,0.6,2.000391292,2.0075102
201,4,0.5,14,0.6,2.027344358,2.1112518
202,4,0.6,14,0.6,2.01854833,2.066273
203,4,0.7,14,0.6,2.021713758,2.0612698
204,22,0.2,14,0.6,0.827741969,1.090931
205,22,0.3,14,0.6,1.820670394,1.8035984
206,22,0.4,14,0.6,2.022318199,1.993172
207,22,0.5,14,0.6,2.047277501,2.0986936
208,22,0.6,14,0.6,2.016104941,2.0560734
209,22,0.7,14,0.6,1.973694243,1.9929552
210,40,0.2,14,0.6,1.191244925,1.0740691
211,40,0.3,14,0.6,1.820670738,1.7903397
212,40,0.4,14,0.6,2.022325529,1.9724569
213,40,0.5,14,0.6,2.047287202,2.0798352
214,40,0.6,14,0.6,2.016092208,2.0487254
215,40,0.7,14,0.6,1.973666305,1.9940555
216,4,0.2,20,0.6,2.091707561,2.0088925
217,4,0.3,20,0.6,2.474639938,2.4830773
218,4,0.4,20,0.6,2.492060479,2.5165455
219,4,0.5,20,0.6,2.503431344,2.486742
220,4,0.6,20,0.6,2.492926401,2.513748
221,4,0.7,20,0.6,2.502025078,2.5407543
222,22,0.2,20,0.6,2.095994446,2.0158403
223,22,0.3,20,0.6,2.485942664,2.492232
224,22,0.4,20,0.6,2.504154186,2.5275571
225,22,0.5,20,0.6,2.493467899,2.4638488
226,22,0.6,20,0.6,2.432893649,2.4328156
227,22,0.7,20,0.6,2.368974856,2.4017828
228,40,0.2,20,0.6,2.095898274,2.0227878
229,40,0.3,20,0.6,2.485919713,2.5013871
230,40,0.4,20,0.6,2.504044306,2.5385683
231,40,0.5,20,0.6,2.493243425,2.467404
232,40,0.6,20,0.6,2.432496555,2.4363706
233,40,0.7,20,0.6,2.368291221,2.4053378
234,4,0.2,26,0.6,2.747287964,2.7426467
235,4,0.3,26,0.6,3.035943226,3.0386426
236,4,0.4,26,0.6,2.967914217,2.9708579
237,4,0.5,26,0.6,2.924415204,2.930354
238,4,0.6,26,0.6,2.901363171,2.9297538
239,4,0.7,26,0.6,2.922290853,2.95676
240,22,0.2,26,0.6,2.750801013,2.7495947
241,22,0.3,26,0.6,3.041753694,3.0480523
242,22,0.4,26,0.6,2.961753379,2.9464958
243,22,0.5,26,0.6,2.876179133,2.8479528
244,22,0.6,26,0.6,2.775016589,2.7818577
245,22,0.7,26,0.6,2.703060128,2.750825
246,40,0.2,26,0.6,2.750756975,2.7565422
247,40,0.3,26,0.6,3.041557148,3.0574627
248,40,0.4,26,0.6,2.961182395,2.9575074
249,40,0.5,26,0.6,2.874906884,2.8589644
250,40,0.6,26,0.6,2.772746726,2.7854125
251,40,0.7,26,0.6,2.69940088,2.7543797
252,4,0.2,32,0.6,3.300567212,3.2913773
253,4,0.3,32,0.6,3.452912128,3.4682357
254,4,0.4,32,0.6,3.341437685,3.4039416
255,4,0.5,32,0.6,3.310429214,3.3672967
256,4,0.6,32,0.6,3.302229743,3.330652
257,4,0.7,32,0.6,3.333961541,3.3315237
258,22,0.2,32,0.6,3.302864074,3.2976818
259,22,0.3,32,0.6,3.443699439,3.4308481
260,22,0.4,32,0.6,3.313869792,3.3101165
261,22,0.5,32,0.6,3.217742019,3.215433
262,22,0.6,32,0.6,3.112454601,3.1207488
263,22,0.7,32,0.6,3.025250654,3.0561252
264,40,0.2,32,0.6,3.302781639,3.3039868
265,40,0.3,32,0.6,3.449951678,3.4377587
266,40,0.4,32,0.6,3.312340234,3.3186283
267,40,0.5,32,0.6,3.214373567,3.2239447
268,40,0.6,32,0.6,3.106520601,3.129261
269,40,0.7,32,0.6,3.015623684,3.057181
270,4,0.2,8,0.8,0.00433075,0.17543691
271,4,0.3,8,0.8,0.631412865,0.6916279
272,4,0.4,8,0.8,0.860289129,0.93626416
273,4,0.5,8,0.8,1.382637144,1.4285545
274,4,0.6,8,0.8,1.600746042,1.6368566
275,4,0.7,8,0.8,1.714557776,1.7589287
276,22,0.2,8,0.8,0.004348023,0.163738
277,22,0.3,8,0.8,0.636556997,0.69013906
278,22,0.4,8,0.8,0.873049506,0.9347753
279,22,0.5,8,0.8,1.41271179,1.4234644
280,22,0.6,8,0.8,1.636858567,1.6317666
281,22,0.7,8,0.8,1.739899438,1.7483399
282,40,0.2,8,0.8,0.004348091,0.1520394
283,40,0.3,8,0.8,0.636934775,0.679001
284,40,0.4,8,0.8,0.873452215,0.93328637
285,40,0.5,8,0.8,1.028170772,1.4183745
286,40,0.6,8,0.8,1.636275725,1.6266766
287,40,0.7,8,0.8,1.739920795,1.7445731
288,4,0.2,14,0.8,0.958582457,1.0397424
289,4,0.3,14,0.8,1.959851821,2.0126646
290,4,0.4,14,0.8,2.357941557,2.3810883
291,4,0.5,14,0.8,2.48876884,2.501431
292,4,0.6,14,0.8,2.507771473,2.552142
293,4,0.7,14,0.8,2.534707643,2.5470626
294,22,0.2,14,0.8,0.961551233,1.0318668
295,22,0.3,14,0.8,1.972836387,2.0189962
296,22,0.4,14,0.8,2.382321949,2.3877883
297,22,0.5,14,0.8,2.513006077,2.508131
298,22,0.6,14,0.8,2.510295097,2.5314858
299,22,0.7,14,0.8,2.485060368,2.4683676
300,40,0.2,14,0.8,0.96208583,1.0239911
301,40,0.3,14,0.8,1.971745343,2.0097075
302,40,0.4,14,0.8,2.382335708,2.3944886
303,40,0.5,14,0.8,2.513032563,2.5148313
304,40,0.6,14,0.8,2.510292487,2.5325859
305,40,0.7,14,0.8,2.485002956,2.4694674
306,4,0.2,20,0.8,2.198150308,2.1983502
307,4,0.3,20,0.8,2.99186524,3.0529647
308,4,0.4,20,0.8,3.170780349,3.1652155
309,4,0.5,20,0.8,3.186175483,3.2094355
310,4,0.6,20,0.8,3.164834133,3.1688552
311,4,0.7,20,0.8,3.137477985,3.1617727
312,22,0.2,20,0.8,2.20218196,2.1867352
313,22,0.3,20,0.8,3.003615317,3.0381043
314,22,0.4,20,0.8,3.183713508,3.1503553
315,22,0.5,20,0.8,3.178342629,3.1673517
316,22,0.6,20,0.8,3.102471687,3.0687323
317,22,0.7,20,0.8,2.987150841,3.0021927
318,40,0.2,20,0.8,1.654945069,1.9952129
319,40,0.3,20,0.8,3.003590987,3.0232444
320,40,0.4,20,0.8,3.183592723,3.1359596
321,40,0.5,20,0.8,3.178012968,3.1559494
322,40,0.6,20,0.8,3.101883002,3.0573301
323,40,0.7,20,0.8,2.98615329,2.983334
324,4,0.2,26,0.8,3.193105095,3.2205582
325,4,0.3,26,0.8,3.810873741,3.8061674
326,4,0.4,26,0.8,3.811222664,3.8192625
327,4,0.5,26,0.8,3.73631982,3.7529864
328,4,0.6,26,0.8,3.691217148,3.712482
329,4,0.7,26,0.8,3.715939038,3.671978
330,22,0.2,26,0.8,3.196932756,3.2087595
331,22,0.3,26,0.8,3.816020797,3.7948978
332,22,0.4,26,0.8,3.803056959,3.7701674
333,22,0.5,26,0.8,3.684467277,3.647377
334,22,0.6,26,0.8,3.557206442,3.5487573
335,22,0.7,26,0.8,3.463257787,3.4501383
336,40,0.2,26,0.8,3.196879553,3.1968687
337,40,0.3,26,0.8,3.815730421,3.7800376
338,40,0.4,26,0.8,3.802221502,3.7571633
339,40,0.5,26,0.8,3.682668363,3.6359746
340,40,0.6,26,0.8,3.553933756,3.5373554
341,40,0.7,26,0.8,3.44049079,3.438736
342,4,0.2,32,0.8,3.991718895,3.968739
343,4,0.3,32,0.8,4.386205494,4.4088044
344,4,0.4,32,0.8,4.321825133,4.3281994
345,4,0.5,32,0.8,4.228047623,4.247595
346,4,0.6,32,0.8,4.211587494,4.1983852
347,4,0.7,32,0.8,4.20093686,4.1578813
348,22,0.2,32,0.8,3.993776398,3.9995198
349,22,0.3,32,0.8,4.381925229,4.369683
350,22,0.4,32,0.8,4.287435833,4.2310395
351,22,0.5,32,0.8,4.126076107,4.092396
352,22,0.6,32,0.8,3.998307454,3.9867485
353,22,0.7,32,0.8,3.845207603,3.8882055
354,40,0.2,32,0.8,3.993677688,4.030301
355,40,0.3,32,0.8,4.381143476,4.401344
356,40,0.4,32,0.8,4.285263282,4.24045
357,40,0.5,32,0.8,4.121365282,4.101806
358,40,0.6,32,0.8,3.989742538,3.99776
359,40,0.7,32,0.8,3.831453592,3.8992171
360,4,0.2,8,1,0.004262515,0.1255442
361,4,0.3,8,1,0.517535459,0.6620652
362,4,0.4,8,1,0.901068261,0.96221125
363,4,0.5,8,1,1.143194087,1.2035183
364,4,0.6,8,1,1.713313756,1.7399979
365,4,0.7,8,1,1.889380314,1.9405556
366,22,0.2,8,1,0.004275566,0.11384543
367,22,0.3,8,1,0.521781651,0.6503666
368,22,0.4,8,1,0.914259854,0.9604249
369,22,0.5,8,1,1.165737528,1.2020293
370,22,0.6,8,1,1.749586524,1.7397392
371,22,0.7,8,1,1.914690239,1.9263932
372,40,0.2,8,1,0.004273742,0.102146745
373,40,0.3,8,1,0.521406104,0.6386678
374,40,0.4,8,1,0.914336849,0.9586386
375,40,0.5,8,1,0.88963417,1.2009046
376,40,0.6,8,1,1.749589767,1.7394805
377,40,0.7,8,1,1.914542546,1.9213032
378,4,0.2,14,1,0.881301934,0.9867107
379,4,0.3,14,1,1.881012333,1.9467633
380,4,0.4,14,1,2.584572003,2.5701554
381,4,0.5,14,1,2.861647829,2.8816235
382,4,0.6,14,1,2.976693555,3.0270936
383,4,0.7,14,1,2.957695205,3.055049
384,22,0.2,14,1,0.88419956,0.97501177
385,22,0.3,14,1,1.89303669,1.9677702
386,22,0.4,14,1,2.609280519,2.5808249
387,22,0.5,14,1,2.887292839,2.8874617
388,22,0.6,14,1,2.978239971,3.0078046
389,22,0.7,14,1,2.900092623,2.979577
390,40,0.2,14,1,0.884223006,0.96331316
391,40,0.3,14,1,1.893167563,1.9844214
392,40,0.4,14,1,2.608844272,2.591495
393,40,0.5,14,1,2.887303283,2.894162
394,40,0.6,14,1,2.978213069,3.0145044
395,40,0.7,14,1,2.900014761,2.988134
396,4,0.2,20,1,1.81023405,1.9772365
397,4,0.3,20,1,3.287177127,3.3388236
398,4,0.4,20,1,3.69011295,3.6859827
399,4,0.5,20,1,3.793497017,3.8109496
400,4,0.6,20,1,3.789020248,3.8122458
401,4,0.7,20,1,3.746270627,3.7396564
402,22,0.2,20,1,1.813981814,1.9078159
403,22,0.3,20,1,3.298792236,3.3289287
404,22,0.4,20,1,3.702682807,3.6711226
405,22,0.5,20,1,3.781904486,3.7811344
406,22,0.6,20,1,3.716875736,3.7278495
407,22,0.7,20,1,3.573869748,3.597221
408,40,0.2,20,1,1.813227782,1.8631123
409,40,0.3,20,1,3.29896204,3.3278809
410,40,0.4,20,1,3.702528406,3.6562622
411,40,0.5,20,1,3.782204647,3.7685137
412,40,0.6,20,1,3.716075703,3.7364063
413,40,0.7,20,1,3.572548048,3.6057775
414,4,0.2,26,1,3.460366288,3.526966
415,4,0.3,26,1,4.323030173,4.323814
416,4,0.4,26,1,4.510736918,4.486615
417,4,0.5,26,1,4.482659168,4.5009522
418,4,0.6,26,1,4.444102794,4.420271
419,4,0.7,26,1,4.433552203,4.3728614
420,22,0.2,26,1,3.465832567,3.5409043
421,22,0.3,26,1,4.327431359,4.3321815
422,22,0.4,26,1,4.49824384,4.431605
423,22,0.5,26,1,4.421957006,4.3860703
424,22,0.6,26,1,4.285039313,4.2473507
425,22,0.7,26,1,4.138899126,4.1435037
426,40,0.2,26,1,3.465808309,3.554843
427,40,0.3,26,1,4.327065773,4.3405485
428,40,0.4,26,1,4.497165963,4.4405785
429,40,0.5,26,1,4.419583691,4.3730664
430,40,0.6,26,1,4.280709135,4.234347
431,40,0.7,26,1,4.131911579,4.132101
432,4,0.2,32,1,4.501419354,4.490002
433,4,0.3,32,1,5.269723453,5.218299
434,4,0.4,32,1,5.229552873,5.1900296
435,4,0.5,32,1,5.06744469,5.070975
436,4,0.6,32,1,4.935976039,4.990294
437,4,0.7,32,1,4.989004341,4.9198503
438,22,0.2,32,1,4.503335309,4.498369
439,22,0.3,32,1,5.261121966,5.1745086
440,22,0.4,32,1,5.183384489,5.090057
441,22,0.5,32,1,4.945795004,4.9114947
442,22,0.6,32,1,4.700316051,4.7504096
443,22,0.7,32,1,4.576501254,4.6235285
444,40,0.2,32,1,4.503195662,4.5067363
445,40,0.3,32,1,5.261178103,5.183481
446,40,0.4,32,1,5.180449825,5.1008863
447,40,0.5,32,1,4.939590244,4.9223247
448,40,0.6,32,1,4.72062783,4.7437615
449,40,0.7,32,1,4.519235269,4.6121264
450,17,0.26,9,0.64,0.63573875,0.6785654
451,36,0.42,26,0.58,2.831428619,2.8535118
452,32,0.49,17,0.46,1.853109289,1.8179687
453,29,0.53,9,0.69,1.6358777,1.5543259
454,38,0.32,29,0.56,3.037367995,3.0475514
455,27,0.57,16,0.79,2.733528067,2.7138062
456,26,0.62,30,0.78,3.720007583,3.7480009
457,9,0.38,18,0.31,1.389211428,1.4492112
458,9,0.35,22,0.4,1.946380046,1.9138569
459,21,0.36,29,0.54,2.89579937,2.9002516
460,33,0.31,24,0.25,1.351027274,1.1765151
461,36,0.3,10,0.78,0.949172641,0.9592226
462,7,0.34,10,0.96,1.147069366,1.0867302
463,33,0.42,10,0.77,1.639500075,1.4475943
464,6,0.44,29,0.75,3.803452079,3.7880075
465,16,0.62,27,0.3,1.602187319,1.5831093
466,9,0.49,12,0.91,2.372416307,2.3500335
467,8,0.22,10,0.7,0.618426708,0.592143
468,20,0.38,13,0.53,1.719778892,1.7082008
469,22,0.46,21,0.87,3.48654169,3.5261066
470,30,0.56,16,0.51,1.916500236,1.9078336
471,32,0.31,30,0.74,3.902422845,3.9498246
472,35,0.23,14,0.5,1.327353694,1.3342888
473,26,0.26,19,0.86,2.688396642,2.6707847
474,17,0.52,25,0.76,3.425015988,3.410082
475,28,0.21,19,0.71,2.088874137,2.108036
476,18,0.32,22,0.89,3.555653896,3.5504665
477,14,0.58,10,0.78,1.935831284,1.9168558
478,17,0.24,13,0.29,0.914950633,0.8721366
479,7,0.3,9,0.7,0.784135379,0.8163225
480,13,0.48,15,0.72,2.456157265,2.4748535
481,29,0.53,21,0.94,3.688063953,3.6986916
482,11,0.23,30,0.29,1.739201818,1.6770403
483,35,0.44,9,0.79,1.040087406,1.3306668
484,28,0.34,30,0.51,2.817265982,2.8181193
485,34,0.63,12,0.97,2.598833906,2.701015
486,16,0.47,25,0.42,2.084570722,2.0774238
487,28,0.44,27,0.51,2.560506045,2.5803316
488,31,0.37,25,0.4,2.041375822,2.0178676
489,12,0.23,17,0.48,1.633726118,1.6158153
490,17,0.44,22,0.69,3.027860841,2.9930072
491,20,0.29,23,0.49,2.335261116,2.3940806
492,7,0.56,27,0.41,2.099266333,2.1657813
493,34,0.63,29,0.69,3.294226497,3.3049374
494,20,0.62,21,0.99,3.764482259,3.7730544
495,37,0.6,9,0.72,1.736988781,1.7022669
496,26,0.44,21,0.89,3.574179054,3.5524309
497,13,0.45,19,0.55,2.314889308,2.249258
498,7,0.28,16,0.83,2.314357269,2.2839885
499,6,0.43,9,0.38,1.026631484,1.0662167
500,28,0.28,18,0.79,2.590515877,2.6802957
501,38,0.3,20,0.72,2.833008822,2.8165884
502,36,0.4,12,0.92,2.144254837,1.9256945
503,21,0.49,22,0.47,2.125769632,2.1406958
504,14,0.59,12,0.83,2.340528234,2.4135644
505,36,0.45,14,0.46,1.6653687,1.6657789
506,9,0.6,19,0.44,1.826896321,1.827575
507,38,0.43,18,0.31,1.384191246,1.288542
508,10,0.48,13,0.85,2.495088228,2.4291987
509,28,0.33,30,0.36,2.066404614,2.067185
510,17,0.37,27,0.63,3.205573501,3.1655831
511,33,0.56,24,0.29,1.480582469,1.3431673
512,22,0.42,15,0.86,2.720646648,2.6708858
513,35,0.63,10,0.68,1.812194237,1.8629332
514,13,0.46,12,0.32,1.141438642,1.2200493
515,22,0.33,26,0.6,3.033045725,3.015476
516,33,0.46,30,0.42,2.277513824,2.2613976
517,37,0.25,24,0.42,2.098070382,2.1651406
518,20,0.43,23,0.59,2.69767682,2.66532
519,34,0.42,26,0.77,3.654590634,3.6205604
520,13,0.57,29,0.38,2.042599876,2.0309312
521,23,0.51,10,0.6,1.632328436,1.593345
522,28,0.65,22,0.5,2.13980688,2.194519
523,9,0.32,17,0.6,2.250430853,2.1797693
524,12,0.5,27,0.4,2.076049031,2.0535312
525,6,0.65,15,0.9,2.906268072,2.8641307
526,27,0.38,20,0.33,1.55300451,1.5000504
527,26,0.28,27,0.35,1.9637053,1.9197832
528,9,0.26,14,0.93,1.345445025,1.5549682
529,16,0.41,19,0.82,3.128120103,3.092531
530,11,0.32,27,0.29,1.651365178,1.5208501
531,36,0.3,18,0.45,1.885049631,1.8573662
532,13,0.57,19,0.36,1.574395315,1.5654252
533,30,0.58,12,0.35,1.221114858,1.2765948
534,6,0.3,22,0.34,1.684443572,1.6644391
535,24,0.35,26,0.51,2.616781328,2.615954
536,34,0.43,11,0.77,1.898467432,1.7373968
537,35,0.25,13,0.29,0.9285183,0.8376698
538,28,0.36,28,0.89,4.363436494,4.3285875
539,7,0.51,13,0.76,2.277732125,2.312612
540,7,0.6,11,0.3,1.044692817,1.1111971
541,24,0.51,19,0.63,2.537982657,2.5050607
542,37,0.62,30,0.62,3.058115315,3.1000104
543,13,0.32,23,0.31,1.584722254,1.5388988
544,27,0.3,27,0.32,1.773700737,1.6275913
545,17,0.39,11,0.63,1.686810912,1.4758568
546,31,0.64,30,0.39,2.067903208,2.0809526
547,14,0.5,23,0.58,2.625154172,2.568727
548,15,0.64,10,0.91,2.188596218,2.197815
549,32,0.27,9,0.51,0.829431287,0.78721535
550,38,0.3,15,0.78,2.154108455,2.191535
551,30,0.38,18,0.9,3.173773003,3.12942
552,17,0.43,29,0.44,2.350777102,2.3251462
553,7,0.31,18,0.94,2.964368967,2.9982755
554,25,0.49,28,0.73,3.546798842,3.5312486
555,30,0.28,16,0.63,2.074126479,2.080748
556,36,0.65,13,0.27,1.050534982,0.9799046
557,9,0.26,20,0.74,2.700766285,2.7554336
558,37,0.59,20,0.68,2.697873921,2.6873436
559,15,0.36,20,0.92,3.439565893,3.4236941
560,26,0.31,30,0.48,2.724129124,2.6934984
561,6,0.62,30,0.75,3.691984151,3.7903275
562,26,0.26,17,0.42,1.634966591,1.6009694
563,29,0.61,22,0.93,3.664864398,3.665132
564,29,0.51,27,0.92,4.189289972,4.149135
565,29,0.54,15,0.47,1.706021237,1.7195439
566,12,0.45,29,0.36,1.982791085,1.9640026
567,21,0.59,21,0.91,3.556089518,3.540583
568,35,0.54,21,0.65,2.707894432,2.6823328
569,23,0.65,29,0.46,2.326680058,2.348348
570,20,0.54,26,0.66,3.097294885,3.0528321
571,19,0.4,13,0.79,2.185774049,2.2224753
572,22,0.29,26,0.79,3.727694973,3.7576344
573,10,0.43,18,0.89,3.204533335,3.1760182
574,21,0.31,27,0.77,3.805906654,3.8436148
575,7,0.48,28,0.29,1.618415212,1.6601046
576,13,0.34,11,0.93,1.25278415,1.2254692
577,13,0.32,18,0.94,3.031088041,3.044008
578,34,0.51,24,0.6,2.768804863,2.7057936
579,23,0.5,21,0.61,2.604535588,2.556251
580,18,0.39,29,0.75,3.865361458,3.8019118
581,19,0.64,9,0.62,1.620639974,1.5912936
582,35,0.39,10,0.9,1.475963226,1.1930486
583,17,0.62,25,0.84,3.621450182,3.59087
584,38,0.54,14,0.68,2.232690412,2.285087
,,,,,5.269723453,
